{"cameraMode":{"drawMode":0,"name":"Shaded","section":"Shading Mode"},"sceneLighting":false,"audioPlay":false,"sceneViewState":{"m_AlwaysRefresh":false,"showFog":true,"showSkybox":false,"showFlares":true,"showImageEffects":true,"showParticleSystems":true,"showVisualEffectGraphs":true,"m_FxEnabled":false},"in2DMode":false,"pivot":{"x":-0.7568283677101135,"y":2.7085776329040529,"z":-6.391982078552246},"rotation":{"x":0.0007240016711875796,"y":0.9992960095405579,"z":0.028487294912338258,"w":-0.025433296337723733},"size":5.858716011047363,"orthographic":false}