{"cameraMode":{"drawMode":0,"name":"Shaded","section":"Shading Mode"},"sceneLighting":true,"audioPlay":false,"sceneViewState":{"m_AlwaysRefresh":false,"showFog":true,"showSkybox":true,"showFlares":true,"showImageEffects":true,"showParticleSystems":true,"showVisualEffectGraphs":true,"m_FxEnabled":false},"in2DMode":false,"pivot":{"x":3.7007699012756349,"y":19.121429443359376,"z":394.7354431152344},"rotation":{"x":-0.01797502674162388,"y":-0.054916463792324069,"z":-0.0009753425256349146,"w":0.9984005093574524},"size":710.33642578125,"orthographic":false}